Year,Age Group,Sex,ISHMT,VALUE
2017,0 - 14 years,Male,Diabetes mellitus (E10-E14),270.0
2017,0 - 14 years,Female,Diabetes mellitus (E10-E14),248.0
2017,15 - 24 years,Male,Diabetes mellitus (E10-E14),238.0
2017,15 - 24 years,Female,Diabetes mellitus (E10-E14),235.0
2017,25 - 34 years,Male,Diabetes mellitus (E10-E14),350.0
2017,25 - 34 years,Female,Diabetes mellitus (E10-E14),285.0
2017,35 - 44 years,Male,Diabetes mellitus (E10-E14),424.0
2017,35 - 44 years,Female,Diabetes mellitus (E10-E14),319.0
2017,45 - 54 years,Male,Diabetes mellitus (E10-E14),850.0
2017,45 - 54 years,Female,Diabetes mellitus (E10-E14),383.0
2017,55 - 64 years,Male,Diabetes mellitus (E10-E14),1276.0
2017,55 - 64 years,Female,Diabetes mellitus (E10-E14),652.0
2017,65 - 74 years,Male,Diabetes mellitus (E10-E14),1567.0
2017,65 - 74 years,Female,Diabetes mellitus (E10-E14),807.0
2017,75 - 84 years,Male,Diabetes mellitus (E10-E14),876.0
2017,75 - 84 years,Female,Diabetes mellitus (E10-E14),714.0
2017,85 years and over,Male,Diabetes mellitus (E10-E14),188.0
2017,85 years and over,Female,Diabetes mellitus (E10-E14),269.0
2018,0 - 14 years,Male,Diabetes mellitus (E10-E14),275.0
2018,0 - 14 years,Female,Diabetes mellitus (E10-E14),219.0
2018,15 - 24 years,Male,Diabetes mellitus (E10-E14),227.0
2018,15 - 24 years,Female,Diabetes mellitus (E10-E14),255.0
2018,25 - 34 years,Male,Diabetes mellitus (E10-E14),334.0
2018,25 - 34 years,Female,Diabetes mellitus (E10-E14),243.0
2018,35 - 44 years,Male,Diabetes mellitus (E10-E14),450.0
2018,35 - 44 years,Female,Diabetes mellitus (E10-E14),308.0
2018,45 - 54 years,Male,Diabetes mellitus (E10-E14),730.0
2018,45 - 54 years,Female,Diabetes mellitus (E10-E14),328.0
2018,55 - 64 years,Male,Diabetes mellitus (E10-E14),1206.0
2018,55 - 64 years,Female,Diabetes mellitus (E10-E14),555.0
2018,65 - 74 years,Male,Diabetes mellitus (E10-E14),1437.0
2018,65 - 74 years,Female,Diabetes mellitus (E10-E14),818.0
2018,75 - 84 years,Male,Diabetes mellitus (E10-E14),915.0
2018,75 - 84 years,Female,Diabetes mellitus (E10-E14),622.0
2018,85 years and over,Male,Diabetes mellitus (E10-E14),171.0
2018,85 years and over,Female,Diabetes mellitus (E10-E14),229.0
2019,0 - 14 years,Male,Diabetes mellitus (E10-E14),264.0
2019,0 - 14 years,Female,Diabetes mellitus (E10-E14),273.0
2019,15 - 24 years,Male,Diabetes mellitus (E10-E14),234.0
2019,15 - 24 years,Female,Diabetes mellitus (E10-E14),326.0
2019,25 - 34 years,Male,Diabetes mellitus (E10-E14),300.0
2019,25 - 34 years,Female,Diabetes mellitus (E10-E14),309.0
2019,35 - 44 years,Male,Diabetes mellitus (E10-E14),473.0
2019,35 - 44 years,Female,Diabetes mellitus (E10-E14),327.0
2019,45 - 54 years,Male,Diabetes mellitus (E10-E14),916.0
2019,45 - 54 years,Female,Diabetes mellitus (E10-E14),405.0
2019,55 - 64 years,Male,Diabetes mellitus (E10-E14),1412.0
2019,55 - 64 years,Female,Diabetes mellitus (E10-E14),654.0
2019,65 - 74 years,Male,Diabetes mellitus (E10-E14),1678.0
2019,65 - 74 years,Female,Diabetes mellitus (E10-E14),906.0
2019,75 - 84 years,Male,Diabetes mellitus (E10-E14),1144.0
2019,75 - 84 years,Female,Diabetes mellitus (E10-E14),760.0
2019,85 years and over,Male,Diabetes mellitus (E10-E14),278.0
2019,85 years and over,Female,Diabetes mellitus (E10-E14),232.0
2020,0 - 14 years,Male,Diabetes mellitus (E10-E14),258.0
2020,0 - 14 years,Female,Diabetes mellitus (E10-E14),251.0
2020,15 - 24 years,Male,Diabetes mellitus (E10-E14),191.0
2020,15 - 24 years,Female,Diabetes mellitus (E10-E14),220.0
2020,25 - 34 years,Male,Diabetes mellitus (E10-E14),304.0
2020,25 - 34 years,Female,Diabetes mellitus (E10-E14),204.0
2020,35 - 44 years,Male,Diabetes mellitus (E10-E14),465.0
2020,35 - 44 years,Female,Diabetes mellitus (E10-E14),272.0
2020,45 - 54 years,Male,Diabetes mellitus (E10-E14),800.0
2020,45 - 54 years,Female,Diabetes mellitus (E10-E14),348.0
2020,55 - 64 years,Male,Diabetes mellitus (E10-E14),1309.0
2020,55 - 64 years,Female,Diabetes mellitus (E10-E14),518.0
2020,65 - 74 years,Male,Diabetes mellitus (E10-E14),1505.0
2020,65 - 74 years,Female,Diabetes mellitus (E10-E14),625.0
2020,75 - 84 years,Male,Diabetes mellitus (E10-E14),948.0
2020,75 - 84 years,Female,Diabetes mellitus (E10-E14),546.0
2020,85 years and over,Male,Diabetes mellitus (E10-E14),223.0
2020,85 years and over,Female,Diabetes mellitus (E10-E14),151.0
2021,0 - 14 years,Male,Diabetes mellitus (E10-E14),283.0
2021,0 - 14 years,Female,Diabetes mellitus (E10-E14),303.0
2021,15 - 24 years,Male,Diabetes mellitus (E10-E14),229.0
2021,15 - 24 years,Female,Diabetes mellitus (E10-E14),229.0
2021,25 - 34 years,Male,Diabetes mellitus (E10-E14),296.0
2021,25 - 34 years,Female,Diabetes mellitus (E10-E14),231.0
2021,35 - 44 years,Male,Diabetes mellitus (E10-E14),368.0
2021,35 - 44 years,Female,Diabetes mellitus (E10-E14),253.0
2021,45 - 54 years,Male,Diabetes mellitus (E10-E14),765.0
2021,45 - 54 years,Female,Diabetes mellitus (E10-E14),373.0
2021,55 - 64 years,Male,Diabetes mellitus (E10-E14),1379.0
2021,55 - 64 years,Female,Diabetes mellitus (E10-E14),545.0
2021,65 - 74 years,Male,Diabetes mellitus (E10-E14),1667.0
2021,65 - 74 years,Female,Diabetes mellitus (E10-E14),568.0
2021,75 - 84 years,Male,Diabetes mellitus (E10-E14),793.0
2021,75 - 84 years,Female,Diabetes mellitus (E10-E14),525.0
2021,85 years and over,Male,Diabetes mellitus (E10-E14),220.0
2021,85 years and over,Female,Diabetes mellitus (E10-E14),222.0
2022,0 - 14 years,Male,Diabetes mellitus (E10-E14),265.0
2022,0 - 14 years,Female,Diabetes mellitus (E10-E14),310.0
2022,15 - 24 years,Male,Diabetes mellitus (E10-E14),222.0
2022,15 - 24 years,Female,Diabetes mellitus (E10-E14),243.0
2022,25 - 34 years,Male,Diabetes mellitus (E10-E14),292.0
2022,25 - 34 years,Female,Diabetes mellitus (E10-E14),201.0
2022,35 - 44 years,Male,Diabetes mellitus (E10-E14),402.0
2022,35 - 44 years,Female,Diabetes mellitus (E10-E14),298.0
2022,45 - 54 years,Male,Diabetes mellitus (E10-E14),722.0
2022,45 - 54 years,Female,Diabetes mellitus (E10-E14),335.0
2022,55 - 64 years,Male,Diabetes mellitus (E10-E14),1292.0
2022,55 - 64 years,Female,Diabetes mellitus (E10-E14),559.0
2022,65 - 74 years,Male,Diabetes mellitus (E10-E14),1481.0
2022,65 - 74 years,Female,Diabetes mellitus (E10-E14),575.0
2022,75 - 84 years,Male,Diabetes mellitus (E10-E14),859.0
2022,75 - 84 years,Female,Diabetes mellitus (E10-E14),537.0
2022,85 years and over,Male,Diabetes mellitus (E10-E14),227.0
2022,85 years and over,Female,Diabetes mellitus (E10-E14),181.0
2023,0 - 14 years,Male,Diabetes mellitus (E10-E14),248.0
2023,0 - 14 years,Female,Diabetes mellitus (E10-E14),308.0
2023,15 - 24 years,Male,Diabetes mellitus (E10-E14),217.0
2023,15 - 24 years,Female,Diabetes mellitus (E10-E14),269.0
2023,25 - 34 years,Male,Diabetes mellitus (E10-E14),369.0
2023,25 - 34 years,Female,Diabetes mellitus (E10-E14),301.0
2023,35 - 44 years,Male,Diabetes mellitus (E10-E14),470.0
2023,35 - 44 years,Female,Diabetes mellitus (E10-E14),320.0
2023,45 - 54 years,Male,Diabetes mellitus (E10-E14),963.0
2023,45 - 54 years,Female,Diabetes mellitus (E10-E14),542.0
2023,55 - 64 years,Male,Diabetes mellitus (E10-E14),1738.0
2023,55 - 64 years,Female,Diabetes mellitus (E10-E14),867.0
2023,65 - 74 years,Male,Diabetes mellitus (E10-E14),1924.0
2023,65 - 74 years,Female,Diabetes mellitus (E10-E14),830.0
2023,75 - 84 years,Male,Diabetes mellitus (E10-E14),1133.0
2023,75 - 84 years,Female,Diabetes mellitus (E10-E14),637.0
2023,85 years and over,Male,Diabetes mellitus (E10-E14),230.0
2023,85 years and over,Female,Diabetes mellitus (E10-E14),277.0
2024,0 - 14 years,Male,Diabetes mellitus (E10-E14),251.0
2024,0 - 14 years,Female,Diabetes mellitus (E10-E14),254.0
2024,15 - 24 years,Male,Diabetes mellitus (E10-E14),249.0
2024,15 - 24 years,Female,Diabetes mellitus (E10-E14),284.0
2024,25 - 34 years,Male,Diabetes mellitus (E10-E14),445.0
2024,25 - 34 years,Female,Diabetes mellitus (E10-E14),365.0
2024,35 - 44 years,Male,Diabetes mellitus (E10-E14),591.0
2024,35 - 44 years,Female,Diabetes mellitus (E10-E14),417.0
2024,45 - 54 years,Male,Diabetes mellitus (E10-E14),1115.0
2024,45 - 54 years,Female,Diabetes mellitus (E10-E14),626.0
2024,55 - 64 years,Male,Diabetes mellitus (E10-E14),1970.0
2024,55 - 64 years,Female,Diabetes mellitus (E10-E14),929.0
2024,65 - 74 years,Male,Diabetes mellitus (E10-E14),2249.0
2024,65 - 74 years,Female,Diabetes mellitus (E10-E14),965.0
2024,75 - 84 years,Male,Diabetes mellitus (E10-E14),1266.0
2024,75 - 84 years,Female,Diabetes mellitus (E10-E14),684.0
2024,85 years and over,Male,Diabetes mellitus (E10-E14),315.0
2024,85 years and over,Female,Diabetes mellitus (E10-E14),267.0
