﻿"Statistic Label","Year","Sex","Age Group","UNIT","VALUE"
"Persons with a confirmed long-term condition","2021","Both sexes","All ages","%","29.2"
"Persons with a confirmed long-term condition","2021","Both sexes","15 - 19 years","%","11.7"
"Persons with a confirmed long-term condition","2021","Both sexes","20 - 24 years","%","15.6"
"Persons with a confirmed long-term condition","2021","Both sexes","25 - 29 years","%","13.3"
"Persons with a confirmed long-term condition","2021","Both sexes","30 - 34 years","%","14.4"
"Persons with a confirmed long-term condition","2021","Both sexes","35 - 39 years","%","20.1"
"Persons with a confirmed long-term condition","2021","Both sexes","40 - 44 years","%","18.7"
"Persons with a confirmed long-term condition","2021","Both sexes","45 - 49 years","%","27.5"
"Persons with a confirmed long-term condition","2021","Both sexes","50 - 54 years","%","35.2"
"Persons with a confirmed long-term condition","2021","Both sexes","55 - 59 years","%","40.3"
"Persons with a confirmed long-term condition","2021","Both sexes","60 - 64 years","%","49.4"
"Persons with a confirmed long-term condition","2021","Both sexes","65 - 69 years","%","50"
"Persons with a confirmed long-term condition","2021","Both sexes","70 - 74 years","%","57.3"
"Persons with a confirmed long-term condition","2021","Both sexes","75 years and over","%","56"
"Persons with a confirmed long-term condition","2021","Male","All ages","%","27.5"
"Persons with a confirmed long-term condition","2021","Male","15 - 19 years","%","10.7"
"Persons with a confirmed long-term condition","2021","Male","20 - 24 years","%","17.2"
"Persons with a confirmed long-term condition","2021","Male","25 - 29 years","%","11.1"
"Persons with a confirmed long-term condition","2021","Male","30 - 34 years","%","11.3"
"Persons with a confirmed long-term condition","2021","Male","35 - 39 years","%","16.7"
"Persons with a confirmed long-term condition","2021","Male","40 - 44 years","%","17.4"
"Persons with a confirmed long-term condition","2021","Male","45 - 49 years","%","28"
"Persons with a confirmed long-term condition","2021","Male","50 - 54 years","%","34.8"
"Persons with a confirmed long-term condition","2021","Male","55 - 59 years","%","36.5"
"Persons with a confirmed long-term condition","2021","Male","60 - 64 years","%","45.8"
"Persons with a confirmed long-term condition","2021","Male","65 - 69 years","%","42.8"
"Persons with a confirmed long-term condition","2021","Male","70 - 74 years","%","57.4"
"Persons with a confirmed long-term condition","2021","Male","75 years and over","%","58.9"
"Persons with a confirmed long-term condition","2021","Female","All ages","%","30.9"
"Persons with a confirmed long-term condition","2021","Female","15 - 19 years","%","12.7"
"Persons with a confirmed long-term condition","2021","Female","20 - 24 years","%","14"
"Persons with a confirmed long-term condition","2021","Female","25 - 29 years","%","15.5"
"Persons with a confirmed long-term condition","2021","Female","30 - 34 years","%","17.3"
"Persons with a confirmed long-term condition","2021","Female","35 - 39 years","%","23.3"
"Persons with a confirmed long-term condition","2021","Female","40 - 44 years","%","20"
"Persons with a confirmed long-term condition","2021","Female","45 - 49 years","%","26.9"
"Persons with a confirmed long-term condition","2021","Female","50 - 54 years","%","35.7"
"Persons with a confirmed long-term condition","2021","Female","55 - 59 years","%","44.4"
"Persons with a confirmed long-term condition","2021","Female","60 - 64 years","%","52.8"
"Persons with a confirmed long-term condition","2021","Female","65 - 69 years","%","55.5"
"Persons with a confirmed long-term condition","2021","Female","70 - 74 years","%","57.3"
"Persons with a confirmed long-term condition","2021","Female","75 years and over","%","53"
"Persons with a confirmed long-term condition","2022","Both sexes","All ages","%","33.4"
"Persons with a confirmed long-term condition","2022","Both sexes","15 - 19 years","%","11.9"
"Persons with a confirmed long-term condition","2022","Both sexes","20 - 24 years","%","19.7"
"Persons with a confirmed long-term condition","2022","Both sexes","25 - 29 years","%","19.6"
"Persons with a confirmed long-term condition","2022","Both sexes","30 - 34 years","%","16.1"
"Persons with a confirmed long-term condition","2022","Both sexes","35 - 39 years","%","24.1"
"Persons with a confirmed long-term condition","2022","Both sexes","40 - 44 years","%","22.2"
"Persons with a confirmed long-term condition","2022","Both sexes","45 - 49 years","%","30.6"
"Persons with a confirmed long-term condition","2022","Both sexes","50 - 54 years","%","38.3"
"Persons with a confirmed long-term condition","2022","Both sexes","55 - 59 years","%","44.6"
"Persons with a confirmed long-term condition","2022","Both sexes","60 - 64 years","%","51.1"
"Persons with a confirmed long-term condition","2022","Both sexes","65 - 69 years","%","55.3"
"Persons with a confirmed long-term condition","2022","Both sexes","70 - 74 years","%","57.3"
"Persons with a confirmed long-term condition","2022","Both sexes","75 years and over","%","65.3"
"Persons with a confirmed long-term condition","2022","Male","All ages","%","30.3"
"Persons with a confirmed long-term condition","2022","Male","15 - 19 years","%","10.6"
"Persons with a confirmed long-term condition","2022","Male","20 - 24 years","%","13.1"
"Persons with a confirmed long-term condition","2022","Male","25 - 29 years","%","14.7"
"Persons with a confirmed long-term condition","2022","Male","30 - 34 years","%","13.9"
"Persons with a confirmed long-term condition","2022","Male","35 - 39 years","%","24.4"
"Persons with a confirmed long-term condition","2022","Male","40 - 44 years","%","20.6"
"Persons with a confirmed long-term condition","2022","Male","45 - 49 years","%","28.5"
"Persons with a confirmed long-term condition","2022","Male","50 - 54 years","%","35.5"
"Persons with a confirmed long-term condition","2022","Male","55 - 59 years","%","42.2"
"Persons with a confirmed long-term condition","2022","Male","60 - 64 years","%","46.8"
"Persons with a confirmed long-term condition","2022","Male","65 - 69 years","%","50.7"
"Persons with a confirmed long-term condition","2022","Male","70 - 74 years","%","58.4"
"Persons with a confirmed long-term condition","2022","Male","75 years and over","%","59.7"
"Persons with a confirmed long-term condition","2022","Female","All ages","%","36.4"
"Persons with a confirmed long-term condition","2022","Female","15 - 19 years","%","13.3"
"Persons with a confirmed long-term condition","2022","Female","20 - 24 years","%","26"
"Persons with a confirmed long-term condition","2022","Female","25 - 29 years","%","24.2"
"Persons with a confirmed long-term condition","2022","Female","30 - 34 years","%","18"
"Persons with a confirmed long-term condition","2022","Female","35 - 39 years","%","23.9"
"Persons with a confirmed long-term condition","2022","Female","40 - 44 years","%","24"
"Persons with a confirmed long-term condition","2022","Female","45 - 49 years","%","32.5"
"Persons with a confirmed long-term condition","2022","Female","50 - 54 years","%","41.3"
"Persons with a confirmed long-term condition","2022","Female","55 - 59 years","%","47"
"Persons with a confirmed long-term condition","2022","Female","60 - 64 years","%","54.8"
"Persons with a confirmed long-term condition","2022","Female","65 - 69 years","%","59.8"
"Persons with a confirmed long-term condition","2022","Female","70 - 74 years","%","56.6"
"Persons with a confirmed long-term condition","2022","Female","75 years and over","%","70.6"
"Persons with a confirmed long-term condition","2023","Both sexes","All ages","%","39.7"
"Persons with a confirmed long-term condition","2023","Both sexes","15 - 19 years","%","19.2"
"Persons with a confirmed long-term condition","2023","Both sexes","20 - 24 years","%","21.3"
"Persons with a confirmed long-term condition","2023","Both sexes","25 - 29 years","%","25.5"
"Persons with a confirmed long-term condition","2023","Both sexes","30 - 34 years","%","22.4"
"Persons with a confirmed long-term condition","2023","Both sexes","35 - 39 years","%","24.1"
"Persons with a confirmed long-term condition","2023","Both sexes","40 - 44 years","%","31.1"
"Persons with a confirmed long-term condition","2023","Both sexes","45 - 49 years","%","34.4"
"Persons with a confirmed long-term condition","2023","Both sexes","50 - 54 years","%","47"
"Persons with a confirmed long-term condition","2023","Both sexes","55 - 59 years","%","54"
"Persons with a confirmed long-term condition","2023","Both sexes","60 - 64 years","%","63.6"
"Persons with a confirmed long-term condition","2023","Both sexes","65 - 69 years","%","63.1"
"Persons with a confirmed long-term condition","2023","Both sexes","70 - 74 years","%","60.6"
"Persons with a confirmed long-term condition","2023","Both sexes","75 years and over","%","69.4"
"Persons with a confirmed long-term condition","2023","Male","All ages","%","36.7"
"Persons with a confirmed long-term condition","2023","Male","15 - 19 years","%","10.5"
"Persons with a confirmed long-term condition","2023","Male","20 - 24 years","%","14.8"
"Persons with a confirmed long-term condition","2023","Male","25 - 29 years","%","18.8"
"Persons with a confirmed long-term condition","2023","Male","30 - 34 years","%","20.8"
"Persons with a confirmed long-term condition","2023","Male","35 - 39 years","%","20.4"
"Persons with a confirmed long-term condition","2023","Male","40 - 44 years","%","30.8"
"Persons with a confirmed long-term condition","2023","Male","45 - 49 years","%","34.2"
"Persons with a confirmed long-term condition","2023","Male","50 - 54 years","%","45.9"
"Persons with a confirmed long-term condition","2023","Male","55 - 59 years","%","52.7"
"Persons with a confirmed long-term condition","2023","Male","60 - 64 years","%","60.3"
"Persons with a confirmed long-term condition","2023","Male","65 - 69 years","%","61.3"
"Persons with a confirmed long-term condition","2023","Male","70 - 74 years","%","59.2"
"Persons with a confirmed long-term condition","2023","Male","75 years and over","%","68.7"
"Persons with a confirmed long-term condition","2023","Female","All ages","%","42.7"
"Persons with a confirmed long-term condition","2023","Female","15 - 19 years","%","28.5"
"Persons with a confirmed long-term condition","2023","Female","20 - 24 years","%","27.9"
"Persons with a confirmed long-term condition","2023","Female","25 - 29 years","%","32.4"
"Persons with a confirmed long-term condition","2023","Female","30 - 34 years","%","23.8"
"Persons with a confirmed long-term condition","2023","Female","35 - 39 years","%","27.7"
"Persons with a confirmed long-term condition","2023","Female","40 - 44 years","%","31.3"
"Persons with a confirmed long-term condition","2023","Female","45 - 49 years","%","34.5"
"Persons with a confirmed long-term condition","2023","Female","50 - 54 years","%","48.1"
"Persons with a confirmed long-term condition","2023","Female","55 - 59 years","%","55.3"
"Persons with a confirmed long-term condition","2023","Female","60 - 64 years","%","66.8"
"Persons with a confirmed long-term condition","2023","Female","65 - 69 years","%","64.7"
"Persons with a confirmed long-term condition","2023","Female","70 - 74 years","%","62.1"
"Persons with a confirmed long-term condition","2023","Female","75 years and over","%","70"
"Persons with a confirmed long-term condition","2024","Both sexes","All ages","%","41.5"
"Persons with a confirmed long-term condition","2024","Both sexes","15 - 19 years","%","18.7"
"Persons with a confirmed long-term condition","2024","Both sexes","20 - 24 years","%","25.3"
"Persons with a confirmed long-term condition","2024","Both sexes","25 - 29 years","%","21.1"
"Persons with a confirmed long-term condition","2024","Both sexes","30 - 34 years","%","24.1"
"Persons with a confirmed long-term condition","2024","Both sexes","35 - 39 years","%","33.8"
"Persons with a confirmed long-term condition","2024","Both sexes","40 - 44 years","%","31.2"
"Persons with a confirmed long-term condition","2024","Both sexes","45 - 49 years","%","39.9"
"Persons with a confirmed long-term condition","2024","Both sexes","50 - 54 years","%","47.5"
"Persons with a confirmed long-term condition","2024","Both sexes","55 - 59 years","%","58.2"
"Persons with a confirmed long-term condition","2024","Both sexes","60 - 64 years","%","60.8"
"Persons with a confirmed long-term condition","2024","Both sexes","65 - 69 years","%","59.1"
"Persons with a confirmed long-term condition","2024","Both sexes","70 - 74 years","%","65.5"
"Persons with a confirmed long-term condition","2024","Both sexes","75 years and over","%","70.6"
"Persons with a confirmed long-term condition","2024","Male","All ages","%","38.7"
"Persons with a confirmed long-term condition","2024","Male","15 - 19 years","%","15.8"
"Persons with a confirmed long-term condition","2024","Male","20 - 24 years","%","18.2"
"Persons with a confirmed long-term condition","2024","Male","25 - 29 years","%","22.7"
"Persons with a confirmed long-term condition","2024","Male","30 - 34 years","%","20.3"
"Persons with a confirmed long-term condition","2024","Male","35 - 39 years","%","32.8"
"Persons with a confirmed long-term condition","2024","Male","40 - 44 years","%","30"
"Persons with a confirmed long-term condition","2024","Male","45 - 49 years","%","35"
"Persons with a confirmed long-term condition","2024","Male","50 - 54 years","%","43.5"
"Persons with a confirmed long-term condition","2024","Male","55 - 59 years","%","57.8"
"Persons with a confirmed long-term condition","2024","Male","60 - 64 years","%","64.4"
"Persons with a confirmed long-term condition","2024","Male","65 - 69 years","%","59.9"
"Persons with a confirmed long-term condition","2024","Male","70 - 74 years","%","62.3"
"Persons with a confirmed long-term condition","2024","Male","75 years and over","%","64.3"
"Persons with a confirmed long-term condition","2024","Female","All ages","%","44"
"Persons with a confirmed long-term condition","2024","Female","15 - 19 years","%","22.4"
"Persons with a confirmed long-term condition","2024","Female","20 - 24 years","%","32.1"
"Persons with a confirmed long-term condition","2024","Female","25 - 29 years","%","19.6"
"Persons with a confirmed long-term condition","2024","Female","30 - 34 years","%","27.3"
"Persons with a confirmed long-term condition","2024","Female","35 - 39 years","%","34.7"
"Persons with a confirmed long-term condition","2024","Female","40 - 44 years","%","32.3"
"Persons with a confirmed long-term condition","2024","Female","45 - 49 years","%","44.6"
"Persons with a confirmed long-term condition","2024","Female","50 - 54 years","%","51.4"
"Persons with a confirmed long-term condition","2024","Female","55 - 59 years","%","58.5"
"Persons with a confirmed long-term condition","2024","Female","60 - 64 years","%","57.2"
"Persons with a confirmed long-term condition","2024","Female","65 - 69 years","%","58.5"
"Persons with a confirmed long-term condition","2024","Female","70 - 74 years","%","68.7"
"Persons with a confirmed long-term condition","2024","Female","75 years and over","%","76.1"
