Year,Age Group,Sex,ISHMT,Discharges,Inpatient_Bed_Days,Derived_LOS
2017,0 - 14 years,Male,Diabetes mellitus (E10-E14),270.0,147152.0,545.0074074074074
2017,0 - 14 years,Female,Diabetes mellitus (E10-E14),248.0,128072.0,516.4193548387096
2017,15 - 24 years,Male,Diabetes mellitus (E10-E14),238.0,47091.0,197.8613445378151
2017,15 - 24 years,Female,Diabetes mellitus (E10-E14),235.0,84734.0,360.5702127659574
2017,25 - 34 years,Male,Diabetes mellitus (E10-E14),350.0,58476.0,167.0742857142857
2017,25 - 34 years,Female,Diabetes mellitus (E10-E14),285.0,210334.0,738.0140350877193
2017,35 - 44 years,Male,Diabetes mellitus (E10-E14),424.0,100846.0,237.8443396226415
2017,35 - 44 years,Female,Diabetes mellitus (E10-E14),319.0,204774.0,641.9247648902822
2017,45 - 54 years,Male,Diabetes mellitus (E10-E14),850.0,146087.0,171.86705882352942
2017,45 - 54 years,Female,Diabetes mellitus (E10-E14),383.0,128619.0,335.81984334203656
2017,55 - 64 years,Male,Diabetes mellitus (E10-E14),1276.0,247356.0,193.8526645768025
2017,55 - 64 years,Female,Diabetes mellitus (E10-E14),652.0,186630.0,286.24233128834356
2017,65 - 74 years,Male,Diabetes mellitus (E10-E14),1567.0,372190.0,237.5175494575622
2017,65 - 74 years,Female,Diabetes mellitus (E10-E14),807.0,296575.0,367.5030978934325
2017,75 - 84 years,Male,Diabetes mellitus (E10-E14),876.0,404479.0,461.7340182648402
2017,75 - 84 years,Female,Diabetes mellitus (E10-E14),714.0,399050.0,558.8935574229691
2017,85 years and over,Male,Diabetes mellitus (E10-E14),188.0,196434.0,1044.8617021276596
2017,85 years and over,Female,Diabetes mellitus (E10-E14),269.0,304585.0,1132.2862453531598
2018,0 - 14 years,Male,Diabetes mellitus (E10-E14),275.0,146303.0,532.0109090909091
2018,0 - 14 years,Female,Diabetes mellitus (E10-E14),219.0,123127.0,562.2237442922375
2018,15 - 24 years,Male,Diabetes mellitus (E10-E14),227.0,47324.0,208.47577092511014
2018,15 - 24 years,Female,Diabetes mellitus (E10-E14),255.0,77405.0,303.54901960784315
2018,25 - 34 years,Male,Diabetes mellitus (E10-E14),334.0,57317.0,171.60778443113773
2018,25 - 34 years,Female,Diabetes mellitus (E10-E14),243.0,199133.0,819.477366255144
2018,35 - 44 years,Male,Diabetes mellitus (E10-E14),450.0,92860.0,206.35555555555555
2018,35 - 44 years,Female,Diabetes mellitus (E10-E14),308.0,194157.0,630.3798701298701
2018,45 - 54 years,Male,Diabetes mellitus (E10-E14),730.0,147116.0,201.52876712328768
2018,45 - 54 years,Female,Diabetes mellitus (E10-E14),328.0,130936.0,399.1951219512195
2018,55 - 64 years,Male,Diabetes mellitus (E10-E14),1206.0,250532.0,207.7379767827529
2018,55 - 64 years,Female,Diabetes mellitus (E10-E14),555.0,186757.0,336.4990990990991
2018,65 - 74 years,Male,Diabetes mellitus (E10-E14),1437.0,380650.0,264.8921363952679
2018,65 - 74 years,Female,Diabetes mellitus (E10-E14),818.0,306965.0,375.2628361858191
2018,75 - 84 years,Male,Diabetes mellitus (E10-E14),915.0,419222.0,458.16612021857924
2018,75 - 84 years,Female,Diabetes mellitus (E10-E14),622.0,412822.0,663.700964630225
2018,85 years and over,Male,Diabetes mellitus (E10-E14),171.0,214029.0,1251.6315789473683
2018,85 years and over,Female,Diabetes mellitus (E10-E14),229.0,307232.0,1341.6244541484716
2019,0 - 14 years,Male,Diabetes mellitus (E10-E14),264.0,135924.0,514.8636363636364
2019,0 - 14 years,Female,Diabetes mellitus (E10-E14),273.0,116811.0,427.8791208791209
2019,15 - 24 years,Male,Diabetes mellitus (E10-E14),234.0,43083.0,184.1153846153846
2019,15 - 24 years,Female,Diabetes mellitus (E10-E14),326.0,73096.0,224.22085889570553
2019,25 - 34 years,Male,Diabetes mellitus (E10-E14),300.0,57281.0,190.93666666666667
2019,25 - 34 years,Female,Diabetes mellitus (E10-E14),309.0,193198.0,625.2362459546925
2019,35 - 44 years,Male,Diabetes mellitus (E10-E14),473.0,99109.0,209.53276955602536
2019,35 - 44 years,Female,Diabetes mellitus (E10-E14),327.0,198048.0,605.651376146789
2019,45 - 54 years,Male,Diabetes mellitus (E10-E14),916.0,146987.0,160.46615720524017
2019,45 - 54 years,Female,Diabetes mellitus (E10-E14),405.0,130076.0,321.17530864197533
2019,55 - 64 years,Male,Diabetes mellitus (E10-E14),1412.0,255677.0,181.07436260623228
2019,55 - 64 years,Female,Diabetes mellitus (E10-E14),654.0,188820.0,288.7155963302752
2019,65 - 74 years,Male,Diabetes mellitus (E10-E14),1678.0,389463.0,232.0995232419547
2019,65 - 74 years,Female,Diabetes mellitus (E10-E14),906.0,305221.0,336.88852097130246
2019,75 - 84 years,Male,Diabetes mellitus (E10-E14),1144.0,429051.0,375.0445804195804
2019,75 - 84 years,Female,Diabetes mellitus (E10-E14),760.0,417664.0,549.5578947368421
2019,85 years and over,Male,Diabetes mellitus (E10-E14),278.0,221907.0,798.226618705036
2019,85 years and over,Female,Diabetes mellitus (E10-E14),232.0,309095.0,1332.3060344827586
2020,0 - 14 years,Male,Diabetes mellitus (E10-E14),258.0,112557.0,436.2674418604651
2020,0 - 14 years,Female,Diabetes mellitus (E10-E14),251.0,99570.0,396.69322709163345
2020,15 - 24 years,Male,Diabetes mellitus (E10-E14),191.0,38553.0,201.84816753926702
2020,15 - 24 years,Female,Diabetes mellitus (E10-E14),220.0,62023.0,281.9227272727273
2020,25 - 34 years,Male,Diabetes mellitus (E10-E14),304.0,50562.0,166.32236842105263
2020,25 - 34 years,Female,Diabetes mellitus (E10-E14),204.0,165235.0,809.9754901960785
2020,35 - 44 years,Male,Diabetes mellitus (E10-E14),465.0,86244.0,185.47096774193548
2020,35 - 44 years,Female,Diabetes mellitus (E10-E14),272.0,172710.0,634.9632352941177
2020,45 - 54 years,Male,Diabetes mellitus (E10-E14),800.0,140626.0,175.7825
2020,45 - 54 years,Female,Diabetes mellitus (E10-E14),348.0,114206.0,328.17816091954023
2020,55 - 64 years,Male,Diabetes mellitus (E10-E14),1309.0,235460.0,179.877769289534
2020,55 - 64 years,Female,Diabetes mellitus (E10-E14),518.0,165922.0,320.3127413127413
2020,65 - 74 years,Male,Diabetes mellitus (E10-E14),1505.0,357552.0,237.57607973421926
2020,65 - 74 years,Female,Diabetes mellitus (E10-E14),625.0,271378.0,434.2048
2020,75 - 84 years,Male,Diabetes mellitus (E10-E14),948.0,384699.0,405.8006329113924
2020,75 - 84 years,Female,Diabetes mellitus (E10-E14),546.0,359834.0,659.0366300366301
2020,85 years and over,Male,Diabetes mellitus (E10-E14),223.0,194075.0,870.2914798206278
2020,85 years and over,Female,Diabetes mellitus (E10-E14),151.0,263297.0,1743.6887417218543
2021,0 - 14 years,Male,Diabetes mellitus (E10-E14),283.0,119163.0,421.07067137809184
2021,0 - 14 years,Female,Diabetes mellitus (E10-E14),303.0,108848.0,359.2343234323432
2021,15 - 24 years,Male,Diabetes mellitus (E10-E14),229.0,39389.0,172.00436681222706
2021,15 - 24 years,Female,Diabetes mellitus (E10-E14),229.0,67969.0,296.8078602620087
2021,25 - 34 years,Male,Diabetes mellitus (E10-E14),296.0,48841.0,165.0033783783784
2021,25 - 34 years,Female,Diabetes mellitus (E10-E14),231.0,174000.0,753.2467532467532
2021,35 - 44 years,Male,Diabetes mellitus (E10-E14),368.0,88381.0,240.16576086956522
2021,35 - 44 years,Female,Diabetes mellitus (E10-E14),253.0,183697.0,726.0750988142292
2021,45 - 54 years,Male,Diabetes mellitus (E10-E14),765.0,149943.0,196.00392156862745
2021,45 - 54 years,Female,Diabetes mellitus (E10-E14),373.0,123449.0,330.96246648793567
2021,55 - 64 years,Male,Diabetes mellitus (E10-E14),1379.0,238028.0,172.60913705583755
2021,55 - 64 years,Female,Diabetes mellitus (E10-E14),545.0,185525.0,340.41284403669727
2021,65 - 74 years,Male,Diabetes mellitus (E10-E14),1667.0,362677.0,217.5626874625075
2021,65 - 74 years,Female,Diabetes mellitus (E10-E14),568.0,279144.0,491.4507042253521
2021,75 - 84 years,Male,Diabetes mellitus (E10-E14),793.0,402067.0,507.0201765447667
2021,75 - 84 years,Female,Diabetes mellitus (E10-E14),525.0,378662.0,721.2609523809524
2021,85 years and over,Male,Diabetes mellitus (E10-E14),220.0,203217.0,923.7136363636364
2021,85 years and over,Female,Diabetes mellitus (E10-E14),222.0,278006.0,1252.2792792792793
2022,0 - 14 years,Male,Diabetes mellitus (E10-E14),265.0,131631.0,496.7207547169811
2022,0 - 14 years,Female,Diabetes mellitus (E10-E14),310.0,112509.0,362.93225806451613
2022,15 - 24 years,Male,Diabetes mellitus (E10-E14),222.0,45006.0,202.72972972972974
2022,15 - 24 years,Female,Diabetes mellitus (E10-E14),243.0,68792.0,283.0946502057613
2022,25 - 34 years,Male,Diabetes mellitus (E10-E14),292.0,48627.0,166.53082191780823
2022,25 - 34 years,Female,Diabetes mellitus (E10-E14),201.0,166524.0,828.4776119402985
2022,35 - 44 years,Male,Diabetes mellitus (E10-E14),402.0,88271.0,219.57960199004975
2022,35 - 44 years,Female,Diabetes mellitus (E10-E14),298.0,177462.0,595.510067114094
2022,45 - 54 years,Male,Diabetes mellitus (E10-E14),722.0,148769.0,206.0512465373961
2022,45 - 54 years,Female,Diabetes mellitus (E10-E14),335.0,131132.0,391.43880597014925
2022,55 - 64 years,Male,Diabetes mellitus (E10-E14),1292.0,253683.0,196.34907120743034
2022,55 - 64 years,Female,Diabetes mellitus (E10-E14),559.0,191286.0,342.1932021466905
2022,65 - 74 years,Male,Diabetes mellitus (E10-E14),1481.0,393269.0,265.54287643484133
2022,65 - 74 years,Female,Diabetes mellitus (E10-E14),575.0,301813.0,524.8921739130435
2022,75 - 84 years,Male,Diabetes mellitus (E10-E14),859.0,453787.0,528.2735739231665
2022,75 - 84 years,Female,Diabetes mellitus (E10-E14),537.0,440349.0,820.0167597765363
2022,85 years and over,Male,Diabetes mellitus (E10-E14),227.0,242020.0,1066.1674008810573
2022,85 years and over,Female,Diabetes mellitus (E10-E14),181.0,336837.0,1860.9779005524863
2023,0 - 14 years,Male,Diabetes mellitus (E10-E14),248.0,133051.0,536.4959677419355
2023,0 - 14 years,Female,Diabetes mellitus (E10-E14),308.0,115471.0,374.90584415584414
2023,15 - 24 years,Male,Diabetes mellitus (E10-E14),217.0,48971.0,225.67281105990784
2023,15 - 24 years,Female,Diabetes mellitus (E10-E14),269.0,71719.0,266.6133828996283
2023,25 - 34 years,Male,Diabetes mellitus (E10-E14),369.0,52435.0,142.10027100271003
2023,25 - 34 years,Female,Diabetes mellitus (E10-E14),301.0,172952.0,574.5913621262458
2023,35 - 44 years,Male,Diabetes mellitus (E10-E14),470.0,101154.0,215.22127659574468
2023,35 - 44 years,Female,Diabetes mellitus (E10-E14),320.0,187668.0,586.4625
2023,45 - 54 years,Male,Diabetes mellitus (E10-E14),963.0,164320.0,170.63343717549324
2023,45 - 54 years,Female,Diabetes mellitus (E10-E14),542.0,131189.0,242.0461254612546
2023,55 - 64 years,Male,Diabetes mellitus (E10-E14),1738.0,277289.0,159.54487917146145
2023,55 - 64 years,Female,Diabetes mellitus (E10-E14),867.0,197216.0,227.46943483275663
2023,65 - 74 years,Male,Diabetes mellitus (E10-E14),1924.0,429420.0,223.1912681912682
2023,65 - 74 years,Female,Diabetes mellitus (E10-E14),830.0,321641.0,387.51927710843376
2023,75 - 84 years,Male,Diabetes mellitus (E10-E14),1133.0,491886.0,434.14474845542804
2023,75 - 84 years,Female,Diabetes mellitus (E10-E14),637.0,468215.0,735.0313971742543
2023,85 years and over,Male,Diabetes mellitus (E10-E14),230.0,256231.0,1114.0478260869565
2023,85 years and over,Female,Diabetes mellitus (E10-E14),277.0,349395.0,1261.3537906137185
2024,0 - 14 years,Male,Diabetes mellitus (E10-E14),251.0,138219.0,550.6733067729084
2024,0 - 14 years,Female,Diabetes mellitus (E10-E14),254.0,119990.0,472.40157480314963
2024,15 - 24 years,Male,Diabetes mellitus (E10-E14),249.0,48605.0,195.2008032128514
2024,15 - 24 years,Female,Diabetes mellitus (E10-E14),284.0,74238.0,261.40140845070425
2024,25 - 34 years,Male,Diabetes mellitus (E10-E14),445.0,53511.0,120.24943820224719
2024,25 - 34 years,Female,Diabetes mellitus (E10-E14),365.0,180209.0,493.72328767123287
2024,35 - 44 years,Male,Diabetes mellitus (E10-E14),591.0,101692.0,172.06768189509307
2024,35 - 44 years,Female,Diabetes mellitus (E10-E14),417.0,193572.0,464.2014388489209
2024,45 - 54 years,Male,Diabetes mellitus (E10-E14),1115.0,172343.0,154.56771300448432
2024,45 - 54 years,Female,Diabetes mellitus (E10-E14),626.0,150647.0,240.65015974440894
2024,55 - 64 years,Male,Diabetes mellitus (E10-E14),1970.0,282897.0,143.602538071066
2024,55 - 64 years,Female,Diabetes mellitus (E10-E14),929.0,208476.0,224.40904198062432
2024,65 - 74 years,Male,Diabetes mellitus (E10-E14),2249.0,427910.0,190.2667852378835
2024,65 - 74 years,Female,Diabetes mellitus (E10-E14),965.0,338435.0,350.7098445595855
2024,75 - 84 years,Male,Diabetes mellitus (E10-E14),1266.0,510671.0,403.37361769352293
2024,75 - 84 years,Female,Diabetes mellitus (E10-E14),684.0,480016.0,701.7777777777778
2024,85 years and over,Male,Diabetes mellitus (E10-E14),315.0,282999.0,898.4095238095238
2024,85 years and over,Female,Diabetes mellitus (E10-E14),267.0,364119.0,1363.741573033708
